1,Leslie,Andrews,leslie@luv2code.com
2,Emma,Baumgarten,emma@luv2code.com
3,Avani,Gupta,avani@luv2code.com
13,Fady,Michel,fady@gmail.com
14,Adel,Mahmoud,adel@gmail.com
4,Tamer,Cooper,tamer@gmail.com
